,x_count,x_mean,x_std,x_min,x_25%,x_50%,x_75%,x_max,x_median,x_variance,x_covariance,x_kurtosis,x_skewness,y_count,y_mean,y_std,y_min,y_25%,y_50%,y_75%,y_max,y_median,y_variance,y_covariance,y_kurtosis,y_skewness
A00000_close_2021Y02M15D19H20m,6000.0,-17.336608333333324,6.9905153456234395,-30.4,-23.3,-17.8,-11.0,0.0,-17.8,48.8673047973968,-4.5131444883869625,-1.0461521125728865,0.18666539021652426,6000.0,-13.89251666666667,7.534535245783266,-32.5,-18.3,-15.2,-10.8,5.5,-15.2,56.76922136995053,-4.5131444883869625,-0.004853176728804698,0.5922425646890493
A00000_close_2021Y02M16D10H37m,6000.0,-2.396674999999997,9.921057937176212,-31.1,-8.3,-2.5,3.1,26.8,-2.5,98.42739059280713,12.014882037631246,0.2750076378131836,0.2241550671975805,6000.0,-15.586458333333379,10.857690106356461,-43.6,-23.7,-16.4,-7.3,12.5,-16.4,117.88943444567148,12.014882037631246,-0.6077716496908887,0.05726600412458601
A00000_close_2021Y02M16D18H34m,6000.0,-3.0719083333333503,5.330588035392079,-16.3,-6.0,-3.3,-1.5,15.9,-3.3,28.415168803064404,-19.27122058106906,2.4378851304294695,1.0969363512265593,6000.0,-22.15351666666676,8.403416003813245,-54.9,-27.5,-20.3,-16.5,-7.8,-20.3,70.61740053314443,-19.27122058106906,1.1771728677317475,-1.0602120506423778
A00000_close_2021Y02M17D18H11m,6000.0,-7.053400000000008,7.253453295094482,-25.9,-11.5,-6.8,-2.0,13.8,-6.8,52.612584704117374,5.5434091648608135,0.15913913458132845,-0.05226524865426572,6000.0,-13.801883333333318,9.146396469709757,-45.4,-18.6,-13.7,-8.2,9.3,-13.7,83.65656838111911,5.5434091648608135,0.6508806564556697,-0.30218181123722637
A00000_close_2021Y02M18D10H31m,6000.0,-12.31091666666664,6.399373887921818,-36.3,-15.5,-12.0,-9.0,8.4,-12.0,40.95198615741512,17.981323919958896,1.8158194502685712,-0.26887193396352616,6000.0,-27.44569166666666,10.695693401138294,-68.9,-31.3,-27.4,-21.8,4.1,-27.4,114.39785733115244,17.981323919958896,2.186849902537057,-0.5707284869839577
A00000_close_2021Y02M18D18H08m,6000.0,-9.195791666666667,4.937371760951421,-24.1,-12.0,-10.0,-7.3,11.6,-10.0,24.377639905840788,-1.5503790899177616,1.8100905919462527,0.7693995303384044,6000.0,-5.344191666666661,7.587296918249951,-39.9,-9.3,-5.5,-0.07499999999999993,9.7,-5.5,57.56707452568483,-1.5503790899177616,3.1881383852014027,-1.085011280730714
A00000_close_2021Y02M25D18H21m,6000.0,-0.775441666666671,8.186778132714712,-23.5,-6.1,-0.7,5.4,19.6,-0.7,67.02333619429628,21.65599822380118,-0.1840699591917776,-0.2323104722898214,6000.0,-16.26367500000003,10.567529357779593,-36.6,-23.9,-16.7,-9.5,9.0,-16.7,111.67267672753329,21.65599822380118,-0.7060809183641079,0.28379394650655765
A00000_close_2021Y02M26D18H20m,6000.0,-6.336966666666666,7.698908732075772,-30.1,-11.3,-5.4,-0.8,10.1,-5.4,59.273195664833025,1.8869225962660454,0.12076698009906917,-0.5238518563220012,6000.0,-17.668524999999995,7.367187657673211,-42.4,-21.825000000000003,-17.8,-13.3,0.7,-17.8,54.27545398337224,1.8869225962660454,0.7144449591744917,-0.298026355604949
A00000_open_2021Y02M15D19H19m,6000.0,1.6591250000000008,6.04546221722906,-12.0,-3.1,0.7,6.8,16.6,0.7,36.54761341994499,10.243435011043507,-0.9176194541321951,0.14696858794606205,6000.0,-7.004641666666636,4.699979131751934,-20.6,-10.2,-7.7,-4.3,4.9,-7.7,22.089803838903705,10.243435011043507,-0.19777264379484683,0.3897283557763552
A00000_open_2021Y02M16D10H36m,6000.0,-19.989733333333252,5.258224216964789,-39.3,-22.7,-19.8,-16.7,1.2,-19.8,27.648921915874883,-1.4535508340278913,1.3291652542916097,-0.1010284014412412,6000.0,6.515283333333361,6.108335906582642,-15.8,2.475,7.2,10.6,18.9,7.2,37.311767547646824,-1.4535508340278913,0.8796934711793862,-0.6474358073387999
A00000_open_2021Y02M16D18H32m,6000.0,-16.05100833333326,3.9351784590851904,-24.2,-18.9,-16.7,-14.4,0.1,-16.7,15.485629504848033,1.1289046337584068,1.3915795244296953,1.0373177407579255,6000.0,-16.827041666666663,5.2835943630413595,-35.8,-19.3,-16.4,-13.2,-4.8,-16.4,27.91636939316276,1.1289046337584068,1.8646225405679822,-1.0071710908876255
A00000_open_2021Y02M17D18H13m,6000.0,-6.225291666666669,6.332831768487551,-23.2,-10.8,-6.6,-1.9,11.8,-6.6,40.104758207965226,0.9641620957659639,-0.291971510801758,0.13871803697369497,6000.0,-10.26804999999996,9.032180850307011,-42.8,-15.8,-8.9,-4.1,11.1,-8.9,81.58029091265212,0.9641620957659639,1.301966789407074,-0.8450052716769616
A00000_open_2021Y02M18D10H30m,6000.0,-1.0950999999999982,5.354677838344577,-13.8,-5.4,-1.0,2.9,14.5,-1.0,28.67257475245874,-0.5450060651775298,-0.43458544272312816,0.2347699201195975,6000.0,-4.080225000000008,4.140987180433335,-14.2,-7.0,-4.3,-1.6,11.0,-4.3,17.14777482851309,-0.5450060651775298,0.22109074431706421,0.4180412145705773
A00000_open_2021Y02M18D18H06m,6000.0,-8.988133333333359,4.90963874701376,-20.6,-12.4,-10.0,-5.3,6.4,-10.0,24.10455262617844,13.149408116167509,-0.2770577812506678,0.3761872363493289,6000.0,-8.426375,6.783888017364905,-28.8,-12.1,-8.2,-2.8,3.5,-8.2,46.02113663214703,13.149408116167509,0.4159910784000127,-0.6894930264194877
A00000_open_2021Y02M25D18H22m,6000.0,0.23543333333333083,4.5147538874802615,-12.8,-2.925,0.0,3.0,14.6,0.0,20.38300266451815,7.1462488563834725,0.0016352730929707349,0.2368125111456496,6000.0,-16.294241666666704,5.52623523216974,-28.9,-20.2,-16.5,-12.5,2.4,-16.5,30.539275841274474,7.1462488563834725,0.18487697411806936,0.35238800859971736
A00000_open_2021Y02M26D18H19m,6000.0,-6.915433333333324,5.687791338232537,-19.6,-10.7,-7.4,-3.3,9.2,-7.4,32.35097030727344,8.262058751180758,-0.376451841227448,0.2577895709090488,6000.0,-14.397808333333376,6.353877627618302,-34.1,-18.3,-14.9,-10.1,-2.0,-14.9,40.37176090674835,8.262058751180758,0.005014725437422207,-0.24107084533172266
A00001_close_2021Y02M15D18H21m,6000.0,-11.267316666666702,4.744121845161216,-24.3,-14.9,-11.4,-8.0,1.5,-11.4,22.506692081735835,1.621590724704119,-0.20646516633296885,0.14440768032031695,6000.0,-12.175575000000007,5.453133574408251,-24.9,-15.9,-13.6,-7.8,1.2,-13.6,29.736665780338384,1.621590724704119,-0.5983681241896872,0.3982091059129827
A00001_close_2021Y02M16D18H16m,6000.0,6.787083333333338,7.116036723919099,-6.4,0.9,5.6,11.7,26.8,5.6,50.63797865616491,-11.01422851378008,-0.39458254438503104,0.6498432604464639,6000.0,-28.76199166666674,4.428504475769741,-39.7,-31.9,-29.1,-25.8,-16.2,-29.1,19.611651891912548,-11.01422851378008,-0.5172037286669711,0.15533664318318266
A00001_close_2021Y02M18D18H11m,6000.0,-5.856183333333336,5.582710214424659,-20.6,-9.9,-6.4,-2.2,11.8,-6.4,31.166653338241566,17.547756707969846,-0.14223073029348354,0.33401004854415717,6000.0,-37.18053333333323,8.794277032606805,-54.1,-45.0,-36.4,-30.8,-13.1,-36.4,77.33930852623588,17.547756707969846,-0.7862862530287611,0.19286295980986834
A00001_close_2021Y02M19D18H06m,6000.0,-1.242391666666665,4.666755939850974,-12.1,-3.9,-1.8,0.5,15.1,-1.8,21.778611002134625,9.614500558982055,1.4085520498394954,0.8967554018545603,6000.0,-38.294133333333384,9.049012057813933,-56.5,-45.5,-40.6,-31.2,-15.5,-40.6,81.88461922246297,9.614500558982055,-0.6675410944248341,0.4975213420131541
A00001_close_2021Y02M23D17H54m,6000.0,9.15286666666666,5.5658282007130335,-12.8,5.6,9.6,13.0,22.2,9.6,30.978443559852565,2.8508190865144183,0.6001897572276622,-0.4742869958394742,6000.0,-9.125166666666606,6.618436219830368,-29.4,-12.9,-8.4,-4.5,4.0,-8.4,43.8036979959623,2.8508190865144183,-0.021851291751874058,-0.5442276185241867
A00001_close_2021Y02M26D20H18m,6000.0,-12.52690833333338,4.092111690551138,-25.6,-15.1,-13.1,-10.9,1.4,-13.1,16.745378087945216,-7.23289224516586,0.7364162282447184,0.7240838234937861,6000.0,-28.458675,3.550340497377135,-40.6,-30.7,-28.4,-25.7,-20.2,-28.4,12.604917647316222,-7.23289224516586,0.0989657663932979,-0.42850901867440516
A00001_close_2021Y03M01D18H05m,6000.0,2.6084833333333295,4.5310872101981685,-7.3,-0.6,1.3,5.8,17.2,1.3,20.53075130642145,10.252319797512547,-0.03807604029605871,0.7758136654262167,6000.0,-12.402708333333301,4.396324223051693,-22.9,-15.7,-12.3,-9.7,1.3,-12.3,19.327666674191065,10.252319797512547,0.0970077346182534,0.32344182290931855
A00001_close_2021Y03M04D17H59m,6000.0,-12.935316666666669,6.1621964301588354,-28.5,-17.2,-13.0,-9.2,11.1,-13.0,37.972664843862866,2.3456625795965986,1.1335556627718129,0.44222629953366255,6000.0,-41.886149999999866,3.935260269630376,-51.2,-45.0,-41.5,-39.2,-31.2,-41.5,15.48627338973163,2.3456625795965986,-0.42211686777989366,0.04414558969157435
A00001_open_2021Y02M15D18H20m,6000.0,-12.812624999999981,4.260288648585865,-25.4,-15.5,-12.6,-9.4,-2.8,-12.6,18.15005936926988,4.858359307801298,-0.36485783930660887,-0.33788985850989894,6000.0,-29.268349999999923,15.080958634308375,-54.0,-42.4,-32.5,-13.0,-2.4,-32.5,227.4353133297216,4.858359307801298,-1.3385588455837807,0.24765546979443903
A00001_open_2021Y02M16D18H14m,6000.0,10.506125000000015,3.9397212001482127,0.0999999999999999,7.7,10.625,13.4,22.0,10.625,15.521403134897483,7.535306799049841,-0.4660348586787766,-0.00511426838803451,6000.0,-26.038516666666652,4.017799180077433,-35.1,-28.2,-26.6,-24.3,-12.4,-26.6,16.14271025143079,7.535306799049841,1.312298136440555,0.8650791579376002
A00001_open_2021Y02M18D18H09m,6000.0,-1.804983333333351,7.102602407299578,-26.6,-4.9,-1.9,2.8,12.9,-1.9,50.44696095617786,21.515034637671096,0.9562060615937384,-0.6770581182798845,6000.0,-39.829858333333405,8.171794608262982,-58.5,-43.7,-40.5,-35.0,-21.2,-40.5,66.7782271196357,21.515034637671096,-0.46905653944100534,0.054128177177095414
A00001_open_2021Y02M19D18H07m,6000.0,3.236066666666672,4.6090793329693645,-10.6,0.2,3.5,6.3,15.1,3.5,21.243612297605157,2.8205724298494204,-0.167111712480553,-0.22874186272621633,6000.0,-39.41726666666679,3.1494032480813634,-48.2,-41.6,-39.25,-37.6,-26.1,-39.25,9.918740819025398,2.8205724298494204,0.6658715179476076,0.23855637070999428
A00001_open_2021Y02M23D17H56m,6000.0,-8.845033333333342,4.040702802484328,-21.2,-11.5,-9.3,-6.0,10.4,-9.3,16.32727913800448,11.776482466707414,-0.06638371863223513,0.07689679974105988,6000.0,-31.43813333333324,8.55746297899804,-52.7,-38.1,-31.7,-23.7,-15.5,-31.7,73.23017263692097,11.776482466707414,-1.0077737873004153,-0.18422434810610624
A00001_open_2021Y02M26D20H17m,6000.0,-7.983599999999972,5.117262087146308,-21.1,-11.0,-8.3,-4.4,7.4,-8.3,26.186371268544764,2.75406927154526,-0.16533808707520903,-0.04043234069901748,6000.0,-22.387566666666626,7.395216885551945,-43.3,-27.9,-23.2,-16.6,-3.0,-23.2,54.68923278435293,2.75406927154526,-0.5447234321694907,0.06160795752439163
A00001_open_2021Y03M01D18H06m,6000.0,2.645875,4.7484388130258415,-7.8,-0.5,2.7,5.824999999999999,18.9,2.7,22.547671161049987,2.952688471573966,-0.18104327439070245,0.1773629669627369,6000.0,-28.74117500000005,5.165471099614404,-42.6,-31.2,-28.1,-25.2,-17.5,-28.1,26.68209168095146,2.952688471573966,-0.010043531826105845,-0.5509274344907571
A00001_open_2021Y03M04D17H58m,6000.0,-11.368091666666658,5.234071935542698,-21.9,-15.7,-11.8,-6.9,3.9,-11.8,27.395509026434958,6.4775622710035,-0.9427186586258198,0.16104439793126993,6000.0,-29.272974999999857,3.574296224194515,-40.4,-31.7,-29.7,-26.7,-18.4,-29.7,12.77559349829138,6.4775622710035,-0.2604702319456971,0.18099536454873763
A00002_close_2021Y02M19D18H09m,6000.0,-8.28998333333331,2.6702532105445624,-14.7,-10.2,-8.5,-6.7,2.9,-8.5,7.130252208423627,-0.128271900872368,1.023875546662742,0.6140952705806958,6000.0,-16.593666666666653,2.4302158780153436,-23.6,-18.3,-16.5,-15.1,-9.2,-16.5,5.905949213757848,-0.128271900872368,0.03461182466851431,0.09204011491298356
A00002_close_2021Y02M26D20H07m,6000.0,-5.786408333333328,3.0404257730474025,-17.6,-8.125,-5.7,-3.3,4.100000000000001,-5.7,9.244188881410789,4.70874006785853,-0.48888227280507257,-0.17726545883372866,6000.0,-26.75225833333343,3.4143907451585127,-34.9,-28.8,-27.3,-25.1,-14.6,-27.3,11.65806416062399,4.70874006785853,1.117449298713158,0.9484016174093292
A00002_close_2021Y03M04D17H52m,6000.0,-7.6453499999999925,2.18937071853776,-14.6,-9.1,-7.8,-6.4,2.0,-7.8,4.793344143190532,-1.096971244790797,0.8235232007839643,0.5035201146308618,6000.0,-15.45047499999998,3.764126305069364,-23.9,-18.5,-15.5,-12.6,-5.1,-15.5,14.168646840515084,-1.096971244790797,-0.7231101405084481,0.09410133634878702
A00002_close_2021Y03M11D18H06m,6000.0,-6.545099999999992,3.0424185227661265,-16.4,-8.5,-6.2,-4.3,1.3,-6.2,9.256310467670538,3.071958995388118,-0.058116647563408286,-0.38001564253374964,6000.0,-24.703866666666762,5.563089584786631,-35.5,-28.5,-26.3,-21.7,-4.4,-26.3,30.947965728362124,3.071958995388118,0.42958543578588104,0.9605225816323804
A00002_close_2021Y03M12D17H19m,6000.0,-5.723541666666644,2.8355862124956706,-15.5,-7.2,-6.0,-3.9,3.3,-6.0,8.040549168495673,0.7042047430358768,1.285958595129367,-0.1442379245263683,6000.0,-9.13904166666663,2.09795392211072,-15.2,-10.7,-9.1,-7.6,-4.0,-9.1,4.401410659299698,0.7042047430358768,-0.5257729108739584,-0.08663180879849092
A00002_close_2021Y03M17D18H19m,6000.0,-1.9023666666666623,2.3863604124744637,-10.4,-3.4,-2.1,-0.6,7.8,-2.1,5.6947160182252565,3.3246473517808544,1.4318596491523232,0.5448050505911853,6000.0,-8.84651666666666,3.6325571266352448,-16.1,-11.4,-9.6,-6.6,3.5,-9.6,13.1954712782686,3.3246473517808544,-0.11564213175536331,0.6273550042335028
A00002_close_2021Y03M19D18H22m,6000.0,-0.6022499999999978,2.578962578738607,-8.5,-2.1,-0.6000000000000001,0.8,10.2,-0.6000000000000001,6.651047982534127,-0.5760603545035278,1.1196900337732236,0.24425594679641166,6000.0,-15.222733333333393,2.9499911474755027,-22.8,-17.4,-15.5,-13.4,-6.7,-15.5,8.702447770183916,-0.5760603545035278,-0.16052396049497597,0.3989147989385139
A00002_close_2021Y03M26D18H14m,6000.0,-5.902091666666647,2.557508458738037,-14.0,-7.8,-6.0,-4.0,3.2,-6.0,6.5408495165166425,7.027965859240429,-0.16960498711847505,0.06578915240312438,6000.0,-19.48329166666667,4.581428124745386,-27.1,-22.9,-20.3,-17.5,-2.1,-20.3,20.98948366220759,7.027965859240429,0.6449493957969232,1.0017480644285242
A00002_open_2021Y02M19D18H11m,6000.0,-5.467441666666666,2.026878822987754,-11.8,-6.8,-5.4,-4.0,-0.0999999999999999,-5.4,4.108237763076254,0.17636707900390944,-0.2269485472733468,-0.19340319579153112,6000.0,-19.813083333333303,4.310517835827085,-28.3,-23.0,-20.2,-16.9,-10.5,-20.2,18.580564012983647,0.17636707900390944,-0.9083287376159861,0.21109299731559192
A00002_open_2021Y02M26D20H06m,6000.0,-4.627066666666688,2.596870491883285,-12.8,-6.3,-4.6,-2.7,1.8,-4.6,6.743736351614155,4.432434056787245,-0.40536986572084244,-0.15242830915089006,6000.0,-18.83260833333339,6.967667664198018,-31.9,-24.5,-20.2,-14.8,-1.0,-20.2,48.54839267871035,4.432434056787245,-0.5335691004710967,0.6347754656608203
A00002_open_2021Y03M04D17H50m,6000.0,-5.440416666666644,2.1330039805610976,-11.8,-7.0,-5.5,-3.9,1.9,-5.5,4.549705981089439,4.709107810792539,-0.3845150960273207,0.08549851649996658,6000.0,-3.8689416666666645,5.695307086510621,-13.8,-9.0,-5.5,0.7,9.7,-5.5,32.436522809658086,4.709107810792539,-1.196396692244902,0.25497073036369466
A00002_open_2021Y03M11D18H07m,6000.0,-6.312008333333334,2.383299967772964,-13.7,-7.9,-6.4,-4.7,2.5,-6.4,5.680118736386619,1.525827888953715,0.09477324342343518,0.11177459292601077,6000.0,-6.467883333333321,2.447610975278407,-13.3,-8.1,-6.6,-5.0,1.2,-6.6,5.990799486303271,1.525827888953715,0.165810812694132,0.24055939671210974
A00002_open_2021Y03M12D17H18m,6000.0,-5.018466666666643,2.3985694357495335,-16.6,-6.6,-5.4,-4.1,3.2,-5.4,5.753135338111907,10.644736198810914,1.0676438162888724,1.0190836865873358,6000.0,-13.393908333333304,6.392999430253054,-24.2,-18.3,-14.8,-9.2,3.8,-14.8,40.8704417152164,10.644736198810914,-0.40412552128362833,0.6876605819917457
A00002_open_2021Y03M17D18H20m,6000.0,-5.386308333333333,2.4839565210836456,-10.5,-7.1,-6.1,-4.2,8.0,-6.1,6.170039998634028,14.992024309398786,0.4808256286820556,1.015371077643952,6000.0,-16.23232500000001,7.371695078186752,-27.0,-21.8,-18.7,-12.3,1.8,-18.7,54.341888325762625,14.992024309398786,-0.2410260056474791,0.9218503019969259
A00002_open_2021Y03M19D18H23m,6000.0,4.327833333333338,2.0498439845475893,-0.9,2.9,4.0,5.4,13.1,4.0,4.201860360986091,2.385344336556093,1.3436067481098766,0.866138307051571,6000.0,-14.857441666666656,2.7243315223441167,-20.3,-16.7,-15.4,-13.6,-5.2,-15.4,7.421982243637829,2.385344336556093,1.0980906765014327,1.0330855641016694
A00002_open_2021Y03M26D18H13m,6000.0,-1.7026249999999987,2.3826232137377135,-8.5,-3.1,-1.6,-0.1,4.6,-1.6,5.676893378641808,13.924835394556498,0.02011997795110565,-0.2840223072039467,6000.0,-17.698216666666667,8.724131478044828,-30.4,-24.7,-20.2,-10.3,3.6,-20.2,76.11047004621143,13.924835394556498,-0.5317808352007489,0.768995346307904
A00003_close_2021Y02M16D10H41m,6000.0,3.7527416666666764,4.031428506443394,-10.3,1.1,3.5,6.3,16.1,3.5,16.252415802564318,-2.2990128290131695,0.29085903279486214,0.27989246911095794,6000.0,-19.38097500000007,5.564289968467116,-36.0,-22.9,-19.3,-15.575,-5.5,-19.3,30.961322853183866,-2.2990128290131695,-0.11653625744714002,-0.21555414885087526
A00003_close_2021Y02M26D20H13m,6000.0,-13.235166666666606,3.645333278957453,-23.9,-15.5,-13.5,-11.2,2.1,-13.5,13.288454714674664,-0.4094507542923816,0.7775269580864386,0.46109484692405245,6000.0,-26.131825000000006,4.6629611250560545,-40.9,-29.4,-26.0,-23.3,-9.3,-26.0,21.743206453783962,-0.4094507542923816,0.440023911079078,0.12413116212969696
A00003_close_2021Y04M15D14H31m,6000.0,-2.547108333333339,5.425384470308871,-18.9,-6.0,-2.4,0.5083333333333373,21.0,-2.4,29.434796650668616,-5.67978016326795,1.0815605641747847,0.13178431592060424,6000.0,-11.526699999999934,7.148616880531805,-37.6,-16.3,-10.7,-6.3,4.6,-10.7,51.102723304624845,-5.67978016326795,0.2871694403186962,-0.5424312503503069
A00003_close_2021Y04M15D18H48m,6000.0,-4.387150000000024,4.902462827140952,-19.3,-7.5,-4.5,-1.2,11.8,-4.5,24.034141771498962,2.5527998327962056,0.07826402763181672,-0.006786489673323233,6000.0,-28.229108333333173,4.3382008846655316,-42.2,-31.2,-28.05,-25.2,-13.2,-28.05,18.819986915712803,2.5527998327962056,0.19600294273950292,-0.12155154040355443
A00003_close_2021Y04M19D14H48m,6000.0,-16.055000000000017,4.241658815263506,-27.8,-18.9,-16.3,-13.5,-1.8,-16.3,17.9916695051027,1.1451198579392858,0.2156029497173222,0.26829545161083984,6000.0,-25.597391666666613,5.565224800640716,-50.5,-29.1,-25.4,-21.9,-12.2,-25.4,30.971727081666387,1.1451198579392858,1.815020209082678,-0.5812948668904901
A00003_close_2021Y04M20D18H15m,6000.0,-16.04583333333339,4.166310066976338,-33.2,-18.8,-15.8,-13.3,-2.3,-15.8,17.358139574188286,2.614220147802413,0.7649531505261544,-0.2824893255363641,6000.0,-23.443833333333387,4.579770362933851,-38.7,-26.3,-23.5,-20.6,-11.1,-23.5,20.97429657720731,2.614220147802413,0.26351734970517393,-0.10176345375865753
A00003_close_2021Y04M22D14H12m,6000.0,-21.669825000000042,4.286081043163724,-34.7,-24.3,-21.4,-18.9,-3.1,-21.4,18.370490708567175,-5.786361018734604,0.48200060893235097,-0.1290872444418191,6000.0,-12.327750000000039,5.1225512241973625,-27.4,-16.4,-12.0,-8.1,3.4,-12.0,26.24053104452593,-5.786361018734604,-0.6620130118944929,-0.04312306033557104
A00003_close_2021Y04M26D14H52m,6000.0,16.726983333333337,4.2359851268295685,4.0,13.8,16.7,19.6,30.8,16.7,17.94356999472134,3.319046678890925,0.04518809559055148,-0.019035994158384563,6000.0,8.848933333333365,4.111482367948492,-6.1,6.2,9.0,11.7,20.3,9.0,16.90428726195107,3.319046678890925,0.003446031335148092,-0.2436200348686959
A00003_open_2021Y02M16D10H40m,6000.0,1.3201000000000038,2.9206181123795725,-5.7,-0.7,1.3,3.3,12.4,1.3,8.530010158359724,0.3833580613435577,-0.2513414269861691,0.1874730742647757,6000.0,-19.48418333333331,3.6883740342990916,-29.8,-21.9,-19.3,-16.8,-9.3,-19.3,13.604103016891703,0.3833580613435577,-0.3870649921526397,-0.18941468494389757
A00003_open_2021Y02M26D20H12m,6000.0,-18.72623333333334,3.9802578199827696,-34.0,-21.2,-18.5,-16.4,-6.7,-18.5,15.842452313533741,-7.637506734918782,0.505234773126785,-0.15548473271222696,6000.0,-28.368541666666644,3.7975928122585154,-38.8,-31.1,-28.5,-25.5,-18.8,-28.5,14.421711167717765,-7.637506734918782,-0.5444769339295883,0.03847076536531147
A00003_open_2021Y04M15D14H29m,6000.0,-3.758416666666659,2.7381647765194637,-10.5,-5.7,-4.1,-2.0,6.1,-4.1,7.497546343372042,-0.6635953198218218,0.047421446370953024,0.46479571889184695,6000.0,-10.451924999999985,3.4864079539666952,-21.9,-12.8,-10.4,-8.0,1.2,-10.4,12.155040421482285,-0.6635953198218218,0.013819310378787364,-0.1396093667851763
A00003_open_2021Y04M15D18H47m,6000.0,-9.931808333333333,3.6877365750242665,-20.0,-12.5,-10.6,-7.3,1.8,-10.6,13.599401046771685,5.91639523087181,-0.09963793114311637,0.4103204577022604,6000.0,-29.663933333333407,5.727591762244941,-47.7,-32.9,-29.4,-25.4,-15.6,-29.4,32.80530739493619,5.91639523087181,0.014749198337769442,-0.43424816990342
A00003_open_2021Y04M19D14H47m,6000.0,-16.38632333333339,2.8385932724662584,-23.7,-18.0,-16.1,-14.8,-6.2,-16.1,8.057611766490709,-1.7113289687707207,0.32602518310204154,0.028213804062594935,6000.0,-34.51736499999992,2.8273599745780267,-43.4,-36.2,-34.6,-32.9,-22.8,-34.6,7.993964425845974,-1.7113289687707207,1.0332474613949554,0.14769616258794704
A00003_open_2021Y04M20D18H16m,6000.0,-17.469383333333308,3.006530791188188,-24.2,-19.6,-17.7,-15.575,-8.0,-17.7,9.039227398362687,0.06819136768165107,-0.19203088593169815,0.3250160575849359,6000.0,-34.24435833333341,2.9141872354989897,-44.9,-36.0,-34.2,-32.5,-24.4,-34.2,8.49248724354522,0.06819136768165107,0.6403167501549545,0.1585964175412326
A00003_open_2021Y04M22D14H13m,6000.0,-19.46545833333332,3.9486470989053513,-37.0,-21.5,-19.4,-17.2,-4.2,-19.4,15.591813911693608,2.2654207439665854,2.302361665340591,-0.2191044564085514,6000.0,-25.30554999999993,3.7131239269168117,-44.3,-27.2,-25.4,-23.2,-15.9,-25.4,13.787289296642031,2.2654207439665854,2.562608491701959,-0.6239582669733332
A00003_open_2021Y04M26D14H53m,6000.0,12.68061666666667,2.8410576276013404,4.4,10.9,12.9,14.5,22.1,12.9,8.07160844335167,-1.5011669394899156,0.2353932101618832,-0.0720684381483322,6000.0,-5.441899999999978,4.1160318280679355,-15.5,-8.7,-4.9,-1.9,3.5,-4.9,16.941718009668282,-1.5011669394899156,-0.9398275557852882,-0.237171857791664
A00004_close_2021Y02M15D18H18m,6000.0,-3.423249999999993,7.009523997767551,-24.0,-8.1,-3.8,0.6,18.1,-3.8,49.13342667527922,2.510579842473743,0.2986943077790136,0.31744745272257074,6000.0,-20.316283333333352,6.2068564129364905,-37.5,-24.3,-21.2,-16.2,-1.1,-21.2,38.5250665308107,2.510579842473743,0.07008293582361702,0.19364724136220077
A00004_close_2021Y02M26D20H10m,6000.0,-8.361808333333332,6.5259151139598375,-25.6,-12.5,-8.5,-4.0,12.5,-8.5,42.58756807460965,-14.797839883383341,0.012333458321990065,-0.02893345864449938,6000.0,-25.902208333333274,10.401534223002637,-51.9,-32.8,-24.8,-17.8,-5.5,-24.8,108.19191419229593,-14.797839883383341,-0.5993004055653999,-0.3564163878193211
A00004_close_2021Y03M08D18H28m,6000.0,-4.291108333333338,6.198559917091345,-24.1,-7.6,-3.7,0.0,14.7,-3.7,38.422145045771515,-3.381297628771463,0.541526285609431,-0.5455578169960824,6000.0,-13.931499999999927,7.597595671877547,-35.7,-19.3,-13.9,-8.2,5.2,-13.9,57.72345999333222,-3.381297628771463,-0.37522179662337773,-0.10136924192138935
A00004_close_2021Y03M17D18H22m,6000.0,-0.0968749999999998,5.7025432616494545,-17.6,-3.7,0.0,3.4,16.0,0.0,32.518999650983496,8.821087134314052,0.24704973753119885,-0.12194759130650118,6000.0,-14.696758333333339,7.388191025957346,-38.8,-19.7,-15.6,-9.1,6.1,-15.6,54.585366636036554,8.821087134314052,-0.12284778416994291,0.0802305299309602
A00004_close_2021Y04M15D10H27m,6000.0,-1.9435416666666692,6.504381020609625,-19.6,-6.3,-2.2,2.6,17.6,-2.2,42.306972461266696,-0.5668546401252065,-0.04887934293937901,0.04908394737159355,6000.0,-39.63709999999983,6.872353095844043,-65.4,-43.9,-39.5,-35.2,-20.4,-39.5,47.22923707395676,-0.5668546401252065,0.7248678826340305,-0.20781755113335434
A00004_close_2021Y04M15D18H45m,6000.0,-6.86503333333336,5.427336141031433,-25.9,-10.3,-7.0,-3.2,14.8,-7.0,29.455977587746105,-0.3328363972699135,0.6985933464694813,0.0781065258053887,6000.0,-26.96454166666649,6.961485572337524,-40.5,-32.2,-27.3,-22.8,-7.3,-27.3,48.46228137386321,-0.3328363972699135,-0.2649512953556439,0.43232923237510806
A00004_close_2021Y04M20D18H03m,6000.0,-3.3490749999999867,6.881542653762573,-29.0,-6.7,-3.1,0.8999999999999999,14.3,-3.1,47.35562929555389,6.859231119561592,1.124078408073406,-0.591185194953349,6000.0,-2.6108083333333236,6.477011569883919,-18.9,-7.1083333333333325,-2.9,2.0,12.6,-2.9,41.95167887640995,6.859231119561592,-0.45639012693999303,0.08882493486057991
A00004_close_2021Y04M24D10H31m,6000.0,-4.471425,5.878412124047683,-21.4,-8.8,-4.2,-0.5,15.2,-4.2,34.555729100150934,2.1602037940119603,0.36171486053288904,0.1599791680449916,6000.0,-26.989850000000065,7.106595645491515,-42.6,-33.0,-26.875000000000025,-22.1,-2.8,-26.875000000000025,50.5037016685188,2.1602037940119603,0.18805937789390414,0.3722285261445285
A00004_open_2021Y02M15D18H17m,6000.0,-1.1966666666666694,4.963365429654259,-16.0,-4.5,-0.9,2.4,10.9,-0.9,24.634996388286954,5.061118436406067,-0.1383240418430125,-0.2725888840391559,6000.0,-30.079600000000045,5.163556757997855,-44.0,-33.8,-29.2,-26.4,-16.8,-29.2,26.662318393065508,5.061118436406067,-0.3126098766983447,-0.35436358531479795
A00004_open_2021Y02M26D20H09m,6000.0,-2.3958500000000016,5.996969099795066,-14.7,-6.8,-3.2,0.8,19.8,-3.2,35.96363838389732,11.653269662443739,0.7741930851333367,0.8470506750615807,6000.0,-27.74044999999992,5.951315273933024,-40.4,-32.7,-27.9,-23.7,-12.5,-27.9,35.41815348974831,11.653269662443739,-0.6813342153557431,0.3130551283810241
A00004_open_2021Y03M08D18H27m,6000.0,-7.975241666666671,5.55579294497841,-22.3,-11.5,-7.4,-3.7,4.7,-7.4,30.866835247471798,-1.6684522555842625,-0.4763980335824667,-0.2798182628225331,6000.0,-14.187124999999982,5.546854070797469,-25.7,-17.7,-14.8,-10.9,0.2,-14.8,30.76759008272212,-1.6684522555842625,-0.497047533468566,0.2930663837867414
A00004_open_2021Y03M17D18H23m,6000.0,2.5271916666666643,5.287662851046266,-10.5,-0.9,2.8,6.3,16.3,2.8,27.95937842633494,15.488309721481363,-0.5066182082196375,-0.02050854570305287,6000.0,-16.242016666666625,7.360818333637397,-39.2,-20.4,-16.2,-12.337499999999991,1.7,-16.2,54.18164654081237,15.488309721481363,0.19429523686693528,-0.033858516726570836
A00004_open_2021Y04M15D10H26m,6000.0,-2.9883750000000044,5.22148916523398,-14.8,-7.2,-2.7,1.0,11.7,-2.7,27.26394910265578,16.351557757151543,-0.7075843765786773,0.03148175390994627,6000.0,-33.43619166666681,9.569800385881603,-52.0,-41.4,-34.0,-26.0,-12.3,-34.0,91.58107942561963,16.351557757151543,-0.9018429078713663,0.14713974546774097
A00004_open_2021Y04M15D18H44m,6000.0,-5.732266666666668,4.247397547504052,-20.9,-8.327500000000006,-5.6,-2.8,6.7,-5.6,18.04038592654331,7.731328521049804,0.5018063093049561,-0.10087893004556357,6000.0,-31.41554999999992,6.021640286608698,-46.5,-35.6,-31.0,-26.8,-12.5,-31.0,36.260151741308746,7.731328521049804,-0.390488901417136,-0.23599378313623967
A00004_open_2021Y04M20D18H04m,6000.0,-2.891750000000002,4.765551683835605,-19.1,-5.9,-2.9,0.1,12.5,-2.9,22.710482851308537,0.6991880727806514,1.0982618594866453,-0.13424760582046036,6000.0,-8.134558333333363,5.956061120269556,-27.5,-10.8,-8.3,-5.3,8.8,-8.3,35.474664068386396,0.6991880727806514,1.148895633800901,-0.25916196996995666
A00004_open_2021Y04M24D10H33m,6000.0,-5.4300333333333155,5.5923811175944556,-29.5,-8.4,-4.8,-1.4,6.0,-4.8,31.274726564427407,16.646294825989514,1.8491062630029251,-1.015944039213224,6000.0,-22.46724999999988,6.265364442119865,-40.5,-26.6,-22.1,-18.0,-10.3,-22.1,39.25479159258024,16.646294825989514,-0.2020897726402473,-0.4083706963391954
A00005_close_2021Y02M16D18H19m,6000.0,-1.3726000000000027,3.6465099175919353,-11.6,-3.8,-1.1,1.2,7.0,-1.1,13.29703457909652,-19.361151361893647,-0.25923334529168596,-0.25242020301142465,6000.0,-15.918783333333279,10.64090211492239,-35.5,-24.2,-18.7,-9.0,9.3,-18.7,113.2287978193588,-19.361151361893647,-0.8142833182162708,0.49355599272547
A00005_close_2021Y02M18D18H14m,6000.0,-13.044016666666712,3.392913048398407,-23.8,-15.1,-13.0,-11.4,-1.7,-13.0,11.511858953992334,-3.624940278796466,0.6394239221670994,0.3712766467332708,6000.0,-5.4159916666666525,4.621517144439285,-28.2,-7.925000000000001,-5.0,-2.4,5.7,-5.0,21.358420716346245,-3.624940278796466,2.561811618613011,-0.9621053934460492
A00005_close_2021Y02M23D17H52m,6000.0,-3.4810166666666635,3.829746613843173,-15.6,-5.9,-3.5,-0.5,5.8,-3.5,14.66695912624326,4.918825654136803,-0.2644839399044461,-0.2535083203027713,6000.0,3.8264916666666746,4.937196531757296,-13.0,0.3,3.7,7.0,19.0,3.7,24.375909593196102,4.918825654136803,0.31027363714767064,0.08414009386243024
A00005_close_2021Y03M01D18H02m,6000.0,0.719458333333335,3.676103337215693,-10.7,-1.9,0.9,3.4,11.8,0.9,13.513735745888203,7.583929911929761,0.08246557977002933,-0.009748253938630424,6000.0,0.6001666666666606,6.915049502630243,-23.4,-3.9,0.7,4.9,22.9,0.7,47.8179096238262,7.583929911929761,0.5881324880308356,0.000746614645595198
A00005_close_2021Y03M17D18H16m,6000.0,13.557749999999906,4.534783060558348,4.7,10.3,12.0,16.2,27.6,12.0,20.564257406326977,-9.747881460335979,-0.2929324955294539,0.7461595574388166,6000.0,-15.166283333333338,7.1249811699231955,-34.5,-19.5,-13.350000000000001,-9.8,-1.9,-13.350000000000001,50.7653566717601,-9.747881460335979,-0.1720304069625591,-0.8192117831258771
A00005_close_2021Y04M19D14H58m,6000.0,1.1342166666666684,4.2349375025469564,-12.0,-1.8,0.8,4.1,13.5,0.8,17.934695650478783,4.378654600164844,-0.08782708831677244,0.15183971376901864,6000.0,-1.3872749999999905,6.6964928986781045,-17.9,-6.7,-1.8,2.8,16.3,-1.8,44.84301714204682,4.378654600164844,-0.43545326298955045,0.46023355097012747
A00005_close_2021Y04M20D14H48m,6000.0,-10.820274999999981,4.630585026785102,-23.5,-14.1,-11.0,-8.4,4.7,-11.0,21.442317690286348,-14.024530706344574,0.5878080583113432,0.49978583278567007,6000.0,-20.076725000000007,6.491891411318735,-49.1,-23.3,-18.7,-16.2,-5.3,-18.7,42.14465409635401,-14.024530706344574,2.629463729074237,-1.2137998404397587
A00005_close_2021Y04M20D18H09m,6000.0,-0.008616666666667565,5.374185999157843,-13.5,-3.0,-0.3,3.5,16.0,-0.3,28.881875153544122,-6.81652051457651,0.28698211370416704,0.04287404218464335,6000.0,-42.16242500000008,9.136249410468869,-70.3,-48.8,-43.0,-33.8,-26.0,-43.0,83.47105329029371,-6.81652051457651,-0.5443542011794809,-0.21455262430739283
A00005_open_2021Y02M16D18H18m,6000.0,-2.0797666666666617,3.0426343108366405,-9.9,-4.2,-2.1,-0.3,6.8,-2.1,9.257623549480474,7.136886765572039,-0.22423087100854566,0.20459402040923255,6000.0,-1.3619333333333359,5.66646339411002,-14.3,-5.0,-1.1,2.0,14.7,-1.1,32.10880739678834,7.136886765572039,-0.3960916552794127,-0.03515656627561583
A00005_open_2021Y02M18D18H12m,6000.0,-13.19431666666668,8.046671932415242,-26.6,-20.2,-16.45,-5.5,4.6,-16.45,64.74892918792018,-7.385463284297385,-1.3897889195282098,0.30998161579748684,6000.0,8.347924999999982,3.319430304630528,0.5,6.1,8.6,10.5,17.2,8.6,11.018617547299549,-7.385463284297385,-0.4591455118988268,-0.18917949881776566
A00005_open_2021Y02M23D17H53m,6000.0,-5.474241666666685,4.27156095166133,-20.6,-8.5,-5.4,-2.3,6.6,-5.4,18.24623296375785,28.37508261863088,0.7825989415667842,-0.35925554580866426,6000.0,-17.205083333333285,9.588771703780598,-36.0,-25.6,-14.8,-9.0,-1.2,-14.8,91.9445427872238,28.37508261863088,-1.2472768496223774,-0.2471954629573618
A00005_open_2021Y03M01D18H03m,6000.0,-1.820883333333339,5.1790805360528624,-13.1,-5.4,-3.1,1.4,13.6,-3.1,26.822875198922045,2.52277540173362,-0.04884593507440371,0.6541225736546596,6000.0,-11.94704999999996,4.2864783852238615,-21.4,-15.3,-12.2,-8.8,1.7,-12.2,18.37389694699117,2.52277540173362,-0.2966952674893575,0.2555343890200339
A00005_open_2021Y03M17D18H17m,6000.0,16.895216666666656,4.421123519565068,5.7,14.3,16.3,18.2,31.7,16.3,19.54633317525143,-12.522625141829193,1.8149953390917624,1.1749461838324318,6000.0,-13.62694166666666,4.59299181640554,-29.4,-15.9,-13.25,-10.9,-2.1,-13.25,21.095573825568156,-12.522625141829193,1.677514705236523,-0.7535225443716276
A00005_open_2021Y04M19D14H57m,6000.0,1.733675000000002,5.857611209924256,-11.7,-2.1,1.6,4.7,28.0,1.6,34.31160908663018,-22.878341302994947,3.00311976738507,1.0387512826302325,6000.0,-18.688466666666706,9.870815169505336,-42.0,-25.8,-17.5,-12.6,0.3,-17.5,97.4329921105369,-22.878341302994947,-0.6408808611706509,-0.07492912756995777
A00005_open_2021Y04M20D14H49m,6000.0,-10.74365000000001,3.2921973331863517,-19.0,-12.9,-11.25,-9.2,0.3,-11.25,10.838563280639368,-0.8909611502379989,0.24970543009095492,0.5878746288063023,6000.0,0.23162500000000433,10.092474302019712,-22.8,-7.2,-2.5,10.9,19.4,-2.5,101.85803753692747,-0.8909611502379989,-0.9885239830564014,0.2657415241967468
A00005_open_2021Y04M20D18H11m,6000.0,-1.4917750000000027,4.028833343328932,-11.4,-3.9,-1.3,1.2,8.3,-1.3,16.231498108318984,-41.40140424246633,-0.4273391510368785,-0.21875846747009647,6000.0,-38.68230000000009,20.086943956303145,-78.6,-61.4,-27.4,-24.1,-13.9,-27.4,403.4853175036578,-41.40140424246633,-1.1067129107205627,-0.805101815573932
A00006_close_2021Y04M19D10H15m,6000.0,10.405941666666639,2.561946338516362,1.7,8.7,10.2,11.9,23.5,10.2,6.563569041437463,-3.495563663249433,0.6953311789338144,0.4200848592201606,6000.0,-45.61461666666654,8.06130394476833,-63.7,-51.9,-46.5,-39.4,-22.1,-46.5,64.9846212899372,-3.495563663249433,-0.30080724577490736,0.34081825100937124
A00006_close_2021Y04M20D14H37m,6000.0,-9.21248333333332,5.47405266581501,-28.0,-12.6,-8.9,-5.6,4.8,-8.9,29.965252588116538,54.01968855735215,0.4975535469362349,-0.3660885477756822,6000.0,-45.55683333333332,16.125566344352006,-93.5,-58.3,-46.97500000000001,-34.1,0.8,-46.97500000000001,260.0338899260988,54.01968855735215,0.19423202730703482,0.19115403185155813
A00006_close_2021Y04M21D10H31m,6000.0,3.2598333333333405,4.521366022393159,-9.7,0.29999999999999993,3.3,6.3,16.3,3.3,20.442750708451413,-2.884761794558355,0.18610209109294562,0.006386966820527781,6000.0,-51.4249499999999,7.562159257568411,-77.4,-55.4,-51.5,-47.2,-25.9,-51.5,57.186252636828364,-2.884761794558355,1.589802572309079,-0.19418313877122234
A00006_close_2021Y04M21D14H14m,6000.0,-1.574924999999995,4.3327128750334545,-13.9,-4.4,-1.6,1.4,9.2,-1.6,18.77240085748087,1.2472338330462478,0.09120290361270378,-0.13299932711741752,6000.0,-49.1696000000001,6.36518316830928,-65.9,-53.42499999999998,-49.4,-45.5,-28.6,-49.4,40.51555676612767,1.2472338330462478,0.22506329541763304,0.36151731549143573
A00006_close_2021Y04M23D10H11m,6000.0,3.677541666666669,3.1784435574527166,-3.9,1.4,3.3,5.9,12.2,3.3,10.102503447912618,0.48593520783556443,-0.35683419511625836,0.28718049878576946,6000.0,-44.07252500000016,4.9671464922300155,-57.8,-48.0,-43.72499999999999,-40.5,-27.2,-43.72499999999999,24.67254427527273,0.48593520783556443,-0.02926843060225126,0.10679441888369991
A00006_close_2021Y04M26D10H26m,6000.0,7.222266666666718,2.856389884259319,-0.2,5.1,7.0,9.3,16.3,7.0,8.158963170898852,2.897348658480116,-0.5061126886614375,0.16459572369879077,6000.0,-51.56121666666677,6.477439044432326,-71.8,-56.0,-50.650000000000006,-46.9,-33.6,-50.650000000000006,41.95721657433646,2.897348658480116,-0.12137495430133205,-0.3925728885107118
A00006_close_2021Y04M27D10H21m,6000.0,-9.42547500000006,5.690692073062839,-27.1,-13.1,-10.1,-5.975,11.0,-10.1,32.383976270420064,0.49432497874645753,0.7126730102200494,0.4432014613120595,6000.0,-58.869983333333394,7.11691218667907,-80.9,-63.5,-59.0,-55.0,-31.6,-59.0,50.65043907290103,0.49432497874645753,1.0502458123026512,0.3084188101711275
A00006_close_2021Y04M27D14H51m,6000.0,-10.601541666666611,5.013016838038324,-31.4,-12.8,-9.9,-7.5,5.8,-9.9,25.13033781845585,2.8056776512520614,1.9972273902091997,-0.8392881450660864,6000.0,-41.57315833333328,6.261922483025807,-59.4,-46.0,-41.5,-37.0,-17.5,-41.5,39.211673183424104,2.8056776512520614,0.6905479937490342,0.1844898306188805
A00006_open_2021Y04M19D10H14m,6000.0,8.709224999999986,2.9079204134647996,1.8,6.5,8.1,11.0,17.3,8.1,8.456001131044987,12.407173469096707,-0.6688593206198026,0.2978979667119191,6000.0,-43.095799999999834,8.689259831419545,-69.5,-50.0,-45.3,-35.9,-14.1,-45.3,75.50323641792153,12.407173469096707,-0.6557271493886425,0.33048185762235943
A00006_open_2021Y04M20D14H39m,6000.0,-9.250358333333333,6.034644759256183,-32.6,-11.5,-8.7,-5.2,4.3,-8.7,36.416937370418225,18.9766792367478,1.1863806837362167,-0.9142343802990937,6000.0,-34.29205833333317,12.624624000192382,-72.6,-40.9,-32.2,-25.6,-6.6,-32.2,159.38113114623275,18.9766792367478,0.6280399461071631,-0.8228936559219324
A00006_open_2021Y04M21D10H30m,6000.0,1.9384166666666744,3.791511229149994,-10.0,0.1,2.5,4.5,9.4,2.5,14.3755574007705,0.850011247013388,0.805451116888261,-0.9184990880720071,6000.0,-50.96677499999993,5.872482299456914,-69.2,-54.5,-51.2,-46.3,-36.0,-51.2,34.486048357434576,0.850011247013388,-0.2164233812449976,-0.17073460773903326
A00006_open_2021Y04M21D14H13m,6000.0,-1.2552416666666695,3.1266156131018303,-10.7,-3.0,-1.2999999999999998,1.0,6.9,-1.2999999999999998,9.7757251920922,0.9323030135346619,-0.08624936901573799,-0.23345899324924121,6000.0,-46.13109166666648,7.835660215022294,-70.5,-50.5,-45.9,-40.1,-27.6,-45.9,61.397571005283275,0.9323030135346619,0.4948257913946992,-0.6257220909048309
A00006_open_2021Y04M23D10H10m,6000.0,1.917324999999998,3.286456604650019,-14.9,0.2,1.9,3.6,16.5,1.9,10.800797014247744,3.0601085468179887,4.401169908455767,-0.5934889218130721,6000.0,-36.47244166666655,5.7629966741725696,-64.3,-40.4,-35.3,-32.4,-19.3,-35.3,33.2121306665231,3.0601085468179887,0.8990875324500633,-0.7891158636674783
A00006_open_2021Y04M26D10H27m,6000.0,4.416541666666662,2.6276748584474565,-5.7,2.7,4.7,6.3,10.5,4.7,6.904675161716767,-0.9722495861578778,0.43878003253187803,-0.5666980920050496,6000.0,-40.21554166666669,4.983720788379341,-53.3,-43.2,-40.9,-37.4,-21.3,-40.9,24.837472896524428,-0.9722495861578778,0.8084569832145472,0.5095546906522369
A00006_open_2021Y04M27D10H19m,6000.0,-12.221499999999978,4.37200175166395,-24.6,-15.3,-12.2,-9.6,0.3,-12.2,19.114399316552756,2.6182181821970323,-0.13800990590488826,0.15498474433178244,6000.0,-56.92379166666663,5.472856405278912,-71.4,-60.6,-56.8,-53.2,-35.6,-56.8,29.952157232802673,2.6182181821970323,1.0212547903691807,0.37715775464145884
A00006_open_2021Y04M27D14H50m,6000.0,-13.508241666666656,4.247906362141967,-26.7,-16.1,-13.1,-10.5,-1.8,-13.1,18.044708461525996,0.1854181021836968,0.1620237035768186,-0.45827571332464406,6000.0,-34.081566666666674,6.732212036132417,-53.2,-39.062500000000014,-33.2,-28.6,-20.1,-33.2,45.32267889944622,0.1854181021836968,-0.45194705970329485,-0.33283192529844646
A00007_close_2021Y04M15D14H22m,6000.0,16.87745833333334,3.38601079751601,7.1,14.5,16.6,19.112500000000004,27.7,16.6,11.465069120895144,10.135117955075849,0.18170622194367203,0.30563299900118135,6000.0,-38.68821666666654,7.758427514695737,-57.3,-43.7,-36.3,-32.3,-26.7,-36.3,60.19319750078718,10.135117955075849,-0.4497661142987628,-0.7746439144317327
A00007_close_2021Y04M16D14H13m,6000.0,-10.743124999999969,1.690397670305205,-17.5,-11.7,-10.7,-9.6,-5.7,-10.7,2.8574442837733316,2.5449394612611957,0.7718206282398108,-0.39987452692505104,6000.0,-37.512091666666585,3.6586655391633034,-48.1,-39.6,-37.4,-35.19999999999999,-29.5,-37.4,13.385833527460877,2.5449394612611957,-0.0967012789237689,-0.2752037246427095
A00007_close_2021Y04M19D14H51m,6000.0,-5.420608333333334,2.6644440802864198,-12.0,-7.8,-4.9,-3.2,0.1,-4.9,7.099262256973383,3.4007389119714424,-1.0451327178629053,-0.2579549999868991,6000.0,-31.315141666666644,3.7929547274112307,-42.8,-33.7,-32.1,-29.1,-20.3,-32.1,14.38650556419125,3.4007389119714424,0.24432032728103614,0.40543086825344515
A00007_close_2021Y04M20D14H14m,6000.0,4.1850666666666845,3.4673172602942115,-3.2,1.199999999999991,4.4,6.954166666666663,12.3,4.4,12.022288983534295,1.1412079528069492,-0.9597892569336777,-0.07460085328360302,6000.0,-49.396758333333466,3.349719480050513,-58.8,-51.3,-49.0,-47.0,-42.8,-49.0,11.220620595029724,1.1412079528069492,-0.2167723612110164,-0.5217146901190352
A00007_close_2021Y04M20D18H17m,6000.0,0.7918916666666639,1.1406829414255972,-7.099999999999999,0.0,0.7,1.5,3.8,0.7,1.3011575728593658,-0.30165716179548513,0.2902096191529311,-0.006565978256993736,6000.0,-35.14151666666657,3.626918345191679,-42.5,-37.6,-35.2,-32.5,-24.9,-35.2,13.154536682687862,-0.30165716179548513,-0.3393770837212724,0.17231230450941512
A00007_close_2021Y04M22D14H06m,6000.0,7.599633333333344,3.267431004273049,0.0,5.0,7.5,10.4,14.5,7.5,10.676105367684743,6.071594548844562,-0.922456108432455,-0.1770517357123852,6000.0,-26.79518333333317,5.02033345152555,-41.7,-30.5,-26.2,-22.9,-17.1,-26.2,25.203747964506437,6.071594548844562,-0.40136127672714483,-0.4099140999976405
A00007_close_2021Y04M26D10H35m,6000.0,8.891499999999995,2.4957999910900854,0.8000000000000007,6.8,8.9,11.0,13.8,8.9,6.229017595525176,1.853059091330036,-0.9213801280714491,-0.14855001859764833,6000.0,-30.97148333333334,3.6547017865913394,-42.6,-32.9,-30.8,-28.6,-21.7,-30.8,13.3568451489137,1.853059091330036,0.4972319717785876,-0.4920582736466791
A00007_close_2021Y04M26D15H02m,6000.0,21.86530833333328,2.9483990974260124,14.9,19.3,22.0,24.2,29.1,22.0,8.693057237702494,-2.8280385297233903,-0.759811485411233,-0.08758025749569273,6000.0,-34.44489166666648,3.9396332791690742,-43.0,-37.5,-35.2,-31.7,-22.7,-35.2,15.520710374336373,-2.8280385297233903,-0.22118175031236165,0.6281092936219257
A00007_open_2021Y04M15D14H21m,6000.0,-0.5684166666666673,1.8879107438186067,-8.7,-1.4,-0.3,0.6,5.5,-0.3,3.564206976625735,6.118895573567818,1.4436370599151056,-0.8105738887530718,6000.0,-50.40007499999997,6.02755644684805,-68.1,-53.9,-49.3,-46.3,-37.9,-49.3,36.33143671993943,6.118895573567818,0.19673691984736807,-0.7457407973912444
A00007_open_2021Y04M16D14H14m,6000.0,-12.686083333333377,1.7811930883885574,-18.4,-14.1,-12.8,-11.4,-7.9,-12.8,3.172648818123128,-1.579035211953316,-0.7423875908805058,0.3079117281049543,6000.0,-38.28253333333319,5.704604837336122,-48.6,-41.9,-38.900000000000006,-36.5,-17.5,-38.900000000000006,32.54251635015887,-1.579035211953316,1.8783877085571516,1.216684394583745
A00007_open_2021Y04M19D14H50m,6000.0,-2.882208333333341,2.4008056671124205,-8.6,-4.7,-2.9,-1.2,4.5,-2.9,5.7638678512390955,0.4792149893037739,-0.4586686652266536,0.02733959549779335,6000.0,-23.539983333333293,4.544848432485701,-34.0,-27.5,-23.5,-20.3,-10.2,-23.5,20.65564727426794,0.4792149893037739,-0.29245694224225627,0.25657579813131215
A00007_open_2021Y04M20D14H16m,6000.0,4.6654333333333335,1.669090354478759,-0.5,3.7,4.5,5.5,10.7,4.5,2.7858626114140703,1.496880834173421,0.4604562978161688,0.33164452099999053,6000.0,-43.55462499999996,3.033026919260404,-54.0,-45.6,-43.0,-41.3,-36.2,-43.0,9.19925229295822,1.496880834173421,0.06660336277474377,-0.587436455634444
A00007_open_2021Y04M20D18H19m,6000.0,3.5549333333333233,2.0485008936672515,-5.8,1.9,3.5,5.2,10.0,3.5,4.196355911355594,-1.5869901055731515,0.8249740970573751,-0.24826613083378768,6000.0,-43.02140000000002,3.1430921689784244,-50.6,-45.5,-43.1,-40.8,-36.1,-43.1,9.87902838269342,-1.5869901055731515,-0.7782184497119076,0.03602717889871909
A00007_open_2021Y04M22D14H08m,6000.0,6.51930833333337,1.3853916210317045,-2.2,5.6,6.4,7.3,11.8,6.4,1.9193099436248642,-0.9599861346103986,1.3606380297116933,0.5362670222908601,6000.0,-34.088624999999986,2.827786851587328,-43.5,-35.7,-33.6,-32.2,-26.4,-33.6,7.996378478010226,-0.9599861346103986,0.23441208500964628,-0.6267875901656548
A00007_open_2021Y04M26D10H36m,6000.0,3.7528999999999724,2.055839854547914,-2.0,2.3,4.1,5.2,8.0,4.1,4.226477507547556,-5.811739205052693,-0.5120995793835887,-0.39075662325516336,6000.0,-42.34088333333338,5.1637049804507535,-58.0,-45.9,-42.7,-38.6,-31.6,-42.7,26.663849125131957,-5.811739205052693,-0.213756899484018,-0.09613883572992478
A00007_open_2021Y04M26D15H03m,6000.0,10.090666666666671,2.448992518965385,4.7,7.9,10.7,12.1,14.9,10.7,5.99756435794855,-5.46606687596081,-1.0772804856611293,-0.3671517120045384,6000.0,-49.18750833333332,2.8804947057560404,-57.2,-51.3,-49.8,-46.6,-43.2,-49.8,8.297249749888872,-5.46606687596081,-0.7873725865102683,0.18672781653501802
A00008_close_2021Y02M15D10H04m,6000.0,2.1412916666666737,2.8843019573594577,-7.1,0.2,1.9,3.7,13.4,1.9,8.319197781227423,2.9904360935155867,0.8662225675596873,0.42958855772701704,6000.0,-7.529499999999976,5.043473847194397,-18.6,-11.6,-8.1,-3.4,4.7,-8.1,25.436628447333824,2.9904360935155867,-0.9280357093269758,0.1852356331924113
A00008_close_2021Y02M15D18H29m,6000.0,-6.608341666666527,3.426112672004668,-15.9,-9.1,-6.5,-4.1,4.2,-6.5,11.738248041270772,6.925379558051347,-0.10559310715950909,0.0012814886563701818,6000.0,4.814375000000046,8.135775096168977,-12.9,-3.0,8.1,11.2,20.7,8.1,66.19083641544422,6.925379558051347,-0.9980996891996519,-0.5921088421353276
A00008_close_2021Y02M16D18H29m,6000.0,10.426599999999999,3.4979530994541665,-1.2999999999999998,8.3,10.6,12.9,19.3,10.6,12.235675885980992,-0.021547062843808674,-0.17712887404097044,-0.24324289156537027,6000.0,-20.95082499999998,5.348807159144226,-32.2,-24.4,-21.8,-18.3,0.0,-21.8,28.60973802571261,-0.021547062843808674,2.444149946547232,1.2232683667403388
A00008_close_2021Y02M17D10H07m,6000.0,1.8815416666666727,2.6351422230472736,-5.9,0.0,1.8,3.7,9.1,1.8,6.943974535686505,-2.3595413336250473,-0.19746593461998296,0.07901392879923037,6000.0,-27.756058333333176,5.723014796677654,-44.9,-32.1,-27.8,-23.4,-14.7,-27.8,32.752898362991054,-2.3595413336250473,-0.47366169298069005,-0.18036244930349066
A00008_close_2021Y02M17D18H14m,6000.0,3.462708333333337,6.049050814044182,-12.7,-1.1,4.4,7.1,18.9,4.4,36.59101575088903,-23.933584302244817,-0.21876569187511263,-0.2149309721628355,6000.0,2.3447833333333454,7.528668292650804,-11.6,-4.0,1.95,8.1,23.4,1.95,56.68084626076572,-23.933584302244817,-0.7879428613673176,0.255846638426897
A00008_close_2021Y02M18D10H35m,6000.0,-6.2249333333333405,4.6254512351492405,-16.8,-9.5,-6.8,-2.4,5.7,-6.8,21.394799128743685,1.890284261821416,-0.7073298944429918,0.084053779579239,6000.0,-21.63196666666663,7.569942787400904,-40.5,-27.1,-22.6,-16.2,-2.5,-22.6,57.30403380452297,1.890284261821416,-0.5342047971032211,0.23448987097811078
A00008_close_2021Y02M18D18H23m,6000.0,-0.7339583333333326,3.5248566898591,-7.9,-3.4,-0.4,1.7,9.5,-0.4,12.424614684044567,11.782498399038733,-0.5356097503948045,0.09584833551998108,6000.0,-20.92078333333328,7.257844774553744,-37.2,-26.0,-22.2,-16.8,0.5,-22.2,52.67631077151748,11.782498399038733,0.20528884101135692,0.7080246549107356
A00008_close_2021Y04M28D14H11m,6000.0,15.357616666666667,4.736609628051903,5.3,11.9,14.4,19.3,26.4,14.4,22.435470768554023,-11.606918630558798,-0.6582346844075162,0.41315359991872946,6000.0,-9.688308333333346,7.384229795857244,-22.8,-14.625,-11.0,-6.4,13.4,-11.0,54.52684967802506,-11.606918630558798,0.37854083739457467,0.8696222097124071
A00008_open_2021Y02M15D10H06m,6000.0,-4.423158333333325,3.6484551725063246,-12.3,-7.124999999999999,-4.6,-1.7,5.0,-4.6,13.31122514578819,10.082476986303272,-0.6849511572290314,0.1497137973168678,6000.0,-0.8424833333333354,11.614031719799979,-26.2,-10.2,-3.2,10.724999999999998,22.6,-3.2,134.8857327885203,10.082476986303272,-1.2179263489913281,0.1331404420918069
A00008_open_2021Y02M15D18H28m,6000.0,-0.8444916666666683,3.3220675435223157,-10.4,-3.5,-0.9,1.8,8.5,-0.9,11.036132763724513,-7.92805468182197,-0.5364669963900988,0.06298708498329621,6000.0,24.88222500000015,4.611717408473509,13.6,21.6,25.3,28.2,39.0,25.3,21.267937455617602,-7.92805468182197,-0.33023122417570194,-0.2008060238127327
A00008_open_2021Y02M16D18H28m,6000.0,13.544916666666689,2.9410627276632777,4.2,11.4,13.6,15.7,21.3,13.6,8.649849968050228,-4.423007356781686,-0.40567637643664956,-0.03909480825972915,6000.0,-10.871266666666699,3.737014330751251,-20.1,-13.9,-10.8,-8.2,-0.9,-10.8,13.965276108240253,-4.423007356781686,-0.500098094122857,0.06365702413840232
A00008_open_2021Y02M17D10H08m,6000.0,14.87380833333334,3.1906475756376595,7.0,12.4,14.6,17.1,23.7,14.6,10.18023195192254,-4.469833901969773,-0.4045945861668101,0.2952771523396922,6000.0,-0.08424166666667125,4.699627627969119,-10.8,-3.7,-0.4,3.9,9.8,-0.4,22.086499841570816,-4.469833901969773,-0.9435728800598189,0.00019242927747342074
A00008_open_2021Y02M17D18H16m,6000.0,-9.408266666666671,5.473296187619944,-20.4,-13.8,-10.0,-6.3,5.0,-10.0,29.956971157415133,-11.035120074456863,-0.5726075360598086,0.4036033478695691,6000.0,-24.920016666666523,10.267042402415825,-44.3,-33.3,-26.2,-16.475,-2.6,-26.2,105.4121596930044,-11.035120074456863,-0.9543999398578698,0.16234895620448883
A00008_open_2021Y02M18D10H33m,6000.0,2.9613416666666703,2.950381343986404,-5.9,0.9,2.7,5.1,13.0,2.7,8.70475007494305,2.152072210229482,-0.34482596509388674,0.13683279924880729,6000.0,12.13488333333338,4.718001756727608,2.2,8.1,11.6,15.9,23.7,11.6,22.259540576484977,2.152072210229482,-0.9624308334414993,0.2273233402114353
A00008_open_2021Y02M18D18H22m,6000.0,6.53906666666666,3.728540370945704,-3.1,4.1,6.2,9.0,16.8,6.2,13.90201329777185,15.473448075790406,-0.45826502170734207,0.20182934322791352,6000.0,-12.240891666666696,8.35738207180409,-30.3,-19.1,-10.2,-5.9,2.2,-10.2,69.84583509411287,15.473448075790406,-0.8851202043449771,-0.43763984936024114
A00008_open_2021Y02M19D10H38m,6000.0,8.7637,2.443613277704807,3.1,7.1,8.9,10.6,14.9,8.9,5.971245850975166,-3.50918742373729,-0.6748569988785245,-0.1326397923554803,6000.0,-17.398475000000005,4.73020909376322,-28.7,-20.5,-17.3,-14.0,-6.7,-17.3,22.374878070720122,-3.50918742373729,-0.5151458691295101,-0.23173003765176814
